Проверяемое семейство,Категория,Название гена,Белок,Координаты гена
"PF00176 SNF2_N - SNF2 АТФазы (SWI/SNF, ISWI, CHD)",Chromatin remodeling,CAEBRE_01914,CAL2029182.1,OZ038406.1:7822363-7826583(+)
"PF00176 SNF2_N - SNF2 АТФазы (SWI/SNF, ISWI, CHD)",Chromatin remodeling,CAEBRE_02468,CAL2029736.1,OZ038406.1:9960443-9966844(+)
"PF00176 SNF2_N - SNF2 АТФазы (SWI/SNF, ISWI, CHD)",Chromatin remodeling,CAEBRE_02672,CAL2029940.1,OZ038406.1:10833516-10844477(+)
"PF00176 SNF2_N - SNF2 АТФазы (SWI/SNF, ISWI, CHD)",Chromatin remodeling,CAEBRE_03168,CAL2030434.1,OZ038406.1:13979186-13988172(-)
"PF00176 SNF2_N - SNF2 АТФазы (SWI/SNF, ISWI, CHD)",Chromatin remodeling,CAEBRE_05745,CAL2032997.1,OZ038407.1:9847165-9851205(-)
"PF00176 SNF2_N - SNF2 АТФазы (SWI/SNF, ISWI, CHD)",Chromatin remodeling,CAEBRE_05877,CAL2033128.1,OZ038407.1:10401373-10407246(-)
"PF00176 SNF2_N - SNF2 АТФазы (SWI/SNF, ISWI, CHD)",Chromatin remodeling,CAEBRE_08342,CAL2035587.1,OZ038408.1:2240340-2252675(-)
"PF00176 SNF2_N - SNF2 АТФазы (SWI/SNF, ISWI, CHD)",Chromatin remodeling,CAEBRE_08831,CAL2036072.1,OZ038408.1:4977530-4988703(+)
"PF00176 SNF2_N - SNF2 АТФазы (SWI/SNF, ISWI, CHD)",Chromatin remodeling,CAEBRE_09332,CAL2036572.1,OZ038408.1:7371609-7375132(-)
"PF00176 SNF2_N - SNF2 АТФазы (SWI/SNF, ISWI, CHD)",Chromatin remodeling,CAEBRE_09389,CAL2036629.1,OZ038408.1:7609372-7613537(+)
"PF00176 SNF2_N - SNF2 АТФазы (SWI/SNF, ISWI, CHD)",Chromatin remodeling,CAEBRE_09989,CAL2037227.1,OZ038408.1:9957179-9963220(-)
"PF00176 SNF2_N - SNF2 АТФазы (SWI/SNF, ISWI, CHD)",Chromatin remodeling,CAEBRE_11435,CAL2038670.1,OZ038409.1:292905-297595(-)
"PF00176 SNF2_N - SNF2 АТФазы (SWI/SNF, ISWI, CHD)",Chromatin remodeling,CAEBRE_12537,CAL2039741.1,OZ038409.1:8796267-8801196(-)
"PF00176 SNF2_N - SNF2 АТФазы (SWI/SNF, ISWI, CHD)",Chromatin remodeling,CAEBRE_12955,CAL2040159.1,OZ038409.1:10973906-10980703(+)
"PF00176 SNF2_N - SNF2 АТФазы (SWI/SNF, ISWI, CHD)",Chromatin remodeling,CAEBRE_13207,CAL2040411.1,OZ038409.1:11893032-11897795(+)
"PF00176 SNF2_N - SNF2 АТФазы (SWI/SNF, ISWI, CHD)",Chromatin remodeling,CAEBRE_14146,CAL2041348.1,OZ038409.1:15813589-15818906(-)
"PF00176 SNF2_N - SNF2 АТФазы (SWI/SNF, ISWI, CHD)",Chromatin remodeling,CAEBRE_18179,CAL2045343.1,OZ038410.1:10739581-10745633(+)
"PF00176 SNF2_N - SNF2 АТФазы (SWI/SNF, ISWI, CHD)",Chromatin remodeling,CAEBRE_22000,CAL2049119.1,OZ038411.1:7059435-7063448(-)
"PF00176 SNF2_N - SNF2 АТФазы (SWI/SNF, ISWI, CHD)",Chromatin remodeling,CAEBRE_22768,CAL2049884.1,OZ038411.1:11264753-11280812(-)
"PF00176 SNF2_N - SNF2 АТФазы (SWI/SNF, ISWI, CHD)",Chromatin remodeling,CAEBRE_23677,CAL2050791.1,OZ038411.1:16241975-16248072(+)
PF01429 MBD - Метил-CpG-связывающий домен (MeCP2/MBD),DNA methylation (read),CAEBRE_10307,CAL2037545.1,OZ038408.1:11262885-11267396(+)
PF01429 MBD - Метил-CpG-связывающий домен (MeCP2/MBD),DNA methylation (read),CAEBRE_10808,CAL2038045.1,OZ038408.1:13691817-13707519(-)
PF00567 Tudor - Tudor-домен - чтение метил-остатков,Histone (read),CAEBRE_02376,CAL2029644.1,OZ038406.1:9609124-9612618(-)
PF00567 Tudor - Tudor-домен - чтение метил-остатков,Histone (read),CAEBRE_03145,CAL2030411.1,OZ038406.1:13809515-13815499(+)
PF00567 Tudor - Tudor-домен - чтение метил-остатков,Histone (read),CAEBRE_03685,CAL2030948.1,OZ038407.1:383378-386689(-)
PF00567 Tudor - Tudor-домен - чтение метил-остатков,Histone (read),CAEBRE_08766,CAL2036008.1,OZ038408.1:4556802-4576653(-)
PF00567 Tudor - Tudor-домен - чтение метил-остатков,Histone (read),CAEBRE_10748,CAL2037985.1,OZ038408.1:13350734-13355137(+)
PF00567 Tudor - Tudor-домен - чтение метил-остатков,Histone (read),CAEBRE_13123,CAL2040327.1,OZ038409.1:11582860-11587102(-)
PF00567 Tudor - Tudor-домен - чтение метил-остатков,Histone (read),CAEBRE_15147,CAL2042318.1,OZ038409.1:24453506-24455355(-)
PF00567 Tudor - Tudor-домен - чтение метил-остатков,Histone (read),CAEBRE_20440,CAL2047593.1,OZ038410.1:19669757-19672295(-)
PF00567 Tudor - Tudor-домен - чтение метил-остатков,Histone (read),CAEBRE_21774,CAL2048895.1,OZ038411.1:5707797-5711246(+)
PF00628 PHD - PHD-палец - чтение метилирования,Histone (read),CAEBRE_03617,CAL2030882.1,OZ038407.1:78032-84858(-)
PF00628 PHD - PHD-палец - чтение метилирования,Histone (read),CAEBRE_03915,CAL2031177.1,OZ038407.1:1766017-1777369(-)
PF00628 PHD - PHD-палец - чтение метилирования,Histone (read),CAEBRE_04778,CAL2032032.1,OZ038407.1:5770033-5772243(-)
PF00628 PHD - PHD-палец - чтение метилирования,Histone (read),CAEBRE_06414,CAL2033665.1,OZ038407.1:12498409-12498973(-)
PF00628 PHD - PHD-палец - чтение метилирования,Histone (read),CAEBRE_07012,CAL2034257.1,OZ038407.1:14929818-14932356(+)
PF00628 PHD - PHD-палец - чтение метилирования,Histone (read),CAEBRE_07750,CAL2034995.1,OZ038407.1:17597756-17599962(+)
PF00628 PHD - PHD-палец - чтение метилирования,Histone (read),CAEBRE_08921,CAL2036161.1,OZ038408.1:5548146-5550766(-)
PF00628 PHD - PHD-палец - чтение метилирования,Histone (read),CAEBRE_09273,CAL2036513.1,OZ038408.1:7130003-7134497(+)
PF00628 PHD - PHD-палец - чтение метилирования,Histone (read),CAEBRE_09320,CAL2036560.1,OZ038408.1:7311622-7322102(+)
PF00628 PHD - PHD-палец - чтение метилирования,Histone (read),CAEBRE_10515,CAL2037752.1,OZ038408.1:12252181-12252747(+)
PF00628 PHD - PHD-палец - чтение метилирования,Histone (read),CAEBRE_10808,CAL2038045.1,OZ038408.1:13691817-13707519(-)
PF00628 PHD - PHD-палец - чтение метилирования,Histone (read),CAEBRE_11489,CAL2038724.1,OZ038409.1:453795-461248(+)
PF00628 PHD - PHD-палец - чтение метилирования,Histone (read),CAEBRE_11494,CAL2038729.1,OZ038409.1:469152-476945(-)
PF00628 PHD - PHD-палец - чтение метилирования,Histone (read),CAEBRE_13158,CAL2040362.1,OZ038409.1:11745006-11750540(+)
PF00628 PHD - PHD-палец - чтение метилирования,Histone (read),CAEBRE_14556,CAL2041736.1,OZ038409.1:20154827-20169196(+)
PF00628 PHD - PHD-палец - чтение метилирования,Histone (read),CAEBRE_14849,CAL2042020.1,OZ038409.1:23125594-23133877(-)
PF00628 PHD - PHD-палец - чтение метилирования,Histone (read),CAEBRE_16798,CAL2043964.1,OZ038410.1:5632953-5635217(+)
PF00628 PHD - PHD-палец - чтение метилирования,Histone (read),CAEBRE_17016,CAL2044182.1,OZ038410.1:6318481-6320571(+)
PF00628 PHD - PHD-палец - чтение метилирования,Histone (read),CAEBRE_17017,CAL2044183.1,OZ038410.1:6322992-6325577(+)
PF00628 PHD - PHD-палец - чтение метилирования,Histone (read),CAEBRE_18179,CAL2045343.1,OZ038410.1:10739581-10745633(+)
PF00628 PHD - PHD-палец - чтение метилирования,Histone (read),CAEBRE_20642,CAL2047795.1,OZ038410.1:20469081-20471144(-)
PF00628 PHD - PHD-палец - чтение метилирования,Histone (read),CAEBRE_21779,CAL2048900.1,OZ038411.1:5740179-5742894(+)
PF00628 PHD - PHD-палец - чтение метилирования,Histone (read),CAEBRE_21870,CAL2048990.1,OZ038411.1:6295945-6304709(-)
PF00628 PHD - PHD-палец - чтение метилирования,Histone (read),CAEBRE_22084,CAL2049203.1,OZ038411.1:7534836-7536912(-)
PF00628 PHD - PHD-палец - чтение метилирования,Histone (read),CAEBRE_23677,CAL2050791.1,OZ038411.1:16241975-16248072(+)
PF00628 PHD - PHD-палец - чтение метилирования,Histone (read),CAEBRE_25075,CAL2052176.1,OZ038411.1:24053005-24053710(+)
PF00439 Bromodomain - Бромодомен - чтение ацетил-лизина,Histone acetyl (read),CAEBRE_00971,CAL2028239.1,OZ038406.1:3925092-3931451(-)
PF00439 Bromodomain - Бромодомен - чтение ацетил-лизина,Histone acetyl (read),CAEBRE_02205,CAL2029473.1,OZ038406.1:8946635-8950232(-)
PF00439 Bromodomain - Бромодомен - чтение ацетил-лизина,Histone acetyl (read),CAEBRE_02579,CAL2029847.1,OZ038406.1:10491158-10496398(+)
PF00439 Bromodomain - Бромодомен - чтение ацетил-лизина,Histone acetyl (read),CAEBRE_03013,CAL2030280.1,OZ038406.1:12902918-12916144(-)
PF00439 Bromodomain - Бромодомен - чтение ацетил-лизина,Histone acetyl (read),CAEBRE_03617,CAL2030882.1,OZ038407.1:78032-84858(-)
PF00439 Bromodomain - Бромодомен - чтение ацетил-лизина,Histone acetyl (read),CAEBRE_03915,CAL2031177.1,OZ038407.1:1766017-1777369(-)
PF00439 Bromodomain - Бромодомен - чтение ацетил-лизина,Histone acetyl (read),CAEBRE_06088,CAL2033339.1,OZ038407.1:11288190-11291287(-)
PF00439 Bromodomain - Бромодомен - чтение ацетил-лизина,Histone acetyl (read),CAEBRE_09631,CAL2036870.1,OZ038408.1:8634870-8641927(+)
PF00439 Bromodomain - Бромодомен - чтение ацетил-лизина,Histone acetyl (read),CAEBRE_10808,CAL2038045.1,OZ038408.1:13691817-13707519(-)
PF00439 Bromodomain - Бромодомен - чтение ацетил-лизина,Histone acetyl (read),CAEBRE_13207,CAL2040411.1,OZ038409.1:11893032-11897795(+)
PF00439 Bromodomain - Бромодомен - чтение ацетил-лизина,Histone acetyl (read),CAEBRE_13367,CAL2040571.1,OZ038409.1:12585508-12590202(+)
PF00439 Bromodomain - Бромодомен - чтение ацетил-лизина,Histone acetyl (read),CAEBRE_14146,CAL2041348.1,OZ038409.1:15813589-15818906(-)
PF00439 Bromodomain - Бромодомен - чтение ацетил-лизина,Histone acetyl (read),CAEBRE_14556,CAL2041736.1,OZ038409.1:20154827-20169196(+)
PF00583 Acetyltransf_1 - GNAT ацетилтрансферазы,Histone acetylation (write),CAEBRE_02205,CAL2029473.1,OZ038406.1:8946635-8950232(-)
PF00583 Acetyltransf_1 - GNAT ацетилтрансферазы,Histone acetylation (write),CAEBRE_02980,CAL2030247.1,OZ038406.1:12594727-12596299(-)
PF00583 Acetyltransf_1 - GNAT ацетилтрансферазы,Histone acetylation (write),CAEBRE_03298,CAL2030564.1,OZ038406.1:14651334-14657119(+)
PF00583 Acetyltransf_1 - GNAT ацетилтрансферазы,Histone acetylation (write),CAEBRE_07973,CAL2035218.1,OZ038408.1:647781-648487(-)
PF00583 Acetyltransf_1 - GNAT ацетилтрансферазы,Histone acetylation (write),CAEBRE_08764,CAL2036006.1,OZ038408.1:4552332-4553744(+)
PF00583 Acetyltransf_1 - GNAT ацетилтрансферазы,Histone acetylation (write),CAEBRE_08765,CAL2036007.1,OZ038408.1:4554561-4555406(+)
PF00583 Acetyltransf_1 - GNAT ацетилтрансферазы,Histone acetylation (write),CAEBRE_09006,CAL2036246.1,OZ038408.1:5977515-5978294(+)
PF00583 Acetyltransf_1 - GNAT ацетилтрансферазы,Histone acetylation (write),CAEBRE_12748,CAL2039952.1,OZ038409.1:10102806-10104007(+)
PF00583 Acetyltransf_1 - GNAT ацетилтрансферазы,Histone acetylation (write),CAEBRE_13829,CAL2041033.1,OZ038409.1:14410253-14413775(-)
PF00583 Acetyltransf_1 - GNAT ацетилтрансферазы,Histone acetylation (write),CAEBRE_15222,CAL2042393.1,OZ038410.1:213502-215055(-)
PF00583 Acetyltransf_1 - GNAT ацетилтрансферазы,Histone acetylation (write),CAEBRE_15304,CAL2042475.1,OZ038410.1:472575-473422(-)
PF00583 Acetyltransf_1 - GNAT ацетилтрансферазы,Histone acetylation (write),CAEBRE_16475,CAL2043644.1,OZ038410.1:4474491-4475654(-)
PF00583 Acetyltransf_1 - GNAT ацетилтрансферазы,Histone acetylation (write),CAEBRE_16476,CAL2043645.1,OZ038410.1:4476371-4477545(-)
PF00583 Acetyltransf_1 - GNAT ацетилтрансферазы,Histone acetylation (write),CAEBRE_16478,CAL2043647.1,OZ038410.1:4478857-4480055(-)
PF00583 Acetyltransf_1 - GNAT ацетилтрансферазы,Histone acetylation (write),CAEBRE_17144,CAL2044310.1,OZ038410.1:6803608-6805067(+)
PF00583 Acetyltransf_1 - GNAT ацетилтрансферазы,Histone acetylation (write),CAEBRE_17533,CAL2044699.1,OZ038410.1:8185800-8187717(+)
PF00583 Acetyltransf_1 - GNAT ацетилтрансферазы,Histone acetylation (write),CAEBRE_17615,CAL2044781.1,OZ038410.1:8548937-8549652(+)
PF00583 Acetyltransf_1 - GNAT ацетилтрансферазы,Histone acetylation (write),CAEBRE_17778,CAL2044942.1,OZ038410.1:9217771-9220493(-)
PF00583 Acetyltransf_1 - GNAT ацетилтрансферазы,Histone acetylation (write),CAEBRE_17973,CAL2045137.1,OZ038410.1:9926548-9931425(+)
PF00583 Acetyltransf_1 - GNAT ацетилтрансферазы,Histone acetylation (write),CAEBRE_18227,CAL2045391.1,OZ038410.1:10938920-10939766(+)
PF00583 Acetyltransf_1 - GNAT ацетилтрансферазы,Histone acetylation (write),CAEBRE_18250,CAL2045414.1,OZ038410.1:11088006-11093975(+)
PF00583 Acetyltransf_1 - GNAT ацетилтрансферазы,Histone acetylation (write),CAEBRE_18487,CAL2045651.1,OZ038410.1:12032718-12033983(-)
PF00583 Acetyltransf_1 - GNAT ацетилтрансферазы,Histone acetylation (write),CAEBRE_19169,CAL2046330.1,OZ038410.1:14541807-14543737(-)
PF00583 Acetyltransf_1 - GNAT ацетилтрансферазы,Histone acetylation (write),CAEBRE_19360,CAL2046521.1,OZ038410.1:15105661-15108835(-)
PF00583 Acetyltransf_1 - GNAT ацетилтрансферазы,Histone acetylation (write),CAEBRE_20398,CAL2047551.1,OZ038410.1:19508510-19510735(-)
PF00583 Acetyltransf_1 - GNAT ацетилтрансферазы,Histone acetylation (write),CAEBRE_22065,CAL2049184.1,OZ038411.1:7447861-7449229(-)
PF00583 Acetyltransf_1 - GNAT ацетилтрансферазы,Histone acetylation (write),CAEBRE_22608,CAL2049724.1,OZ038411.1:10368090-10370047(-)
PF01853 MOZ_SAS - MYST гистон-ацетилтрансферазы,Histone acetylation (write),CAEBRE_00136,CAL2027406.1,OZ038406.1:454887-458118(-)
PF01853 MOZ_SAS - MYST гистон-ацетилтрансферазы,Histone acetylation (write),CAEBRE_02372,CAL2029640.1,OZ038406.1:9592339-9594989(+)
PF01853 MOZ_SAS - MYST гистон-ацетилтрансферазы,Histone acetylation (write),CAEBRE_04684,CAL2031939.1,OZ038407.1:5437181-5446103(+)
PF01853 MOZ_SAS - MYST гистон-ацетилтрансферазы,Histone acetylation (write),CAEBRE_08659,CAL2035903.1,OZ038408.1:3765759-3769493(+)
PF01853 MOZ_SAS - MYST гистон-ацетилтрансферазы,Histone acetylation (write),CAEBRE_18390,CAL2045554.1,OZ038410.1:11665797-11667423(-)
PF01853 MOZ_SAS - MYST гистон-ацетилтрансферазы,Histone acetylation (write),CAEBRE_18650,CAL2045814.1,OZ038410.1:12715866-12730969(-)
PF00850 Hist_deacetyl - Гистон-деацетилазы HDAC I/II,Histone deacetylation (erase),CAEBRE_00499,CAL2027769.1,OZ038406.1:1821271-1825017(+)
PF00850 Hist_deacetyl - Гистон-деацетилазы HDAC I/II,Histone deacetylation (erase),CAEBRE_04081,CAL2031341.1,OZ038407.1:2749559-2754922(+)
PF00850 Hist_deacetyl - Гистон-деацетилазы HDAC I/II,Histone deacetylation (erase),CAEBRE_05622,CAL2032875.1,OZ038407.1:9242501-9244305(-)
PF00850 Hist_deacetyl - Гистон-деацетилазы HDAC I/II,Histone deacetylation (erase),CAEBRE_06413,CAL2033664.1,OZ038407.1:12491218-12498308(-)
PF00850 Hist_deacetyl - Гистон-деацетилазы HDAC I/II,Histone deacetylation (erase),CAEBRE_12685,CAL2039889.1,OZ038409.1:9704323-9710282(-)
PF00850 Hist_deacetyl - Гистон-деацетилазы HDAC I/II,Histone deacetylation (erase),CAEBRE_17925,CAL2045089.1,OZ038410.1:9771474-9773307(+)
PF00850 Hist_deacetyl - Гистон-деацетилазы HDAC I/II,Histone deacetylation (erase),CAEBRE_18822,CAL2045985.1,OZ038410.1:13350778-13352776(+)
PF00850 Hist_deacetyl - Гистон-деацетилазы HDAC I/II,Histone deacetylation (erase),CAEBRE_21532,CAL2048656.1,OZ038411.1:4449164-4452006(-)
PF00850 Hist_deacetyl - Гистон-деацетилазы HDAC I/II,Histone deacetylation (erase),CAEBRE_21836,CAL2048956.1,OZ038411.1:6051028-6064265(-)
PF02146 SIR2 - Сиртуины - HDAC класс III,Histone deacetylation (erase),CAEBRE_02512,CAL2029780.1,OZ038406.1:10163555-10164727(-)
PF02146 SIR2 - Сиртуины - HDAC класс III,Histone deacetylation (erase),CAEBRE_14090,CAL2041292.1,OZ038409.1:15599560-15603250(+)
PF02146 SIR2 - Сиртуины - HDAC класс III,Histone deacetylation (erase),CAEBRE_24579,CAL2051688.1,OZ038411.1:21173334-21175082(+)
PF02373 JmjC - JmjC гистон-деметилазы (KDM),Histone demethylation (erase),CAEBRE_06027,CAL2033278.1,OZ038407.1:11083857-11086509(-)
PF02373 JmjC - JmjC гистон-деметилазы (KDM),Histone demethylation (erase),CAEBRE_06385,CAL2033636.1,OZ038407.1:12398627-12403076(-)
PF02373 JmjC - JmjC гистон-деметилазы (KDM),Histone demethylation (erase),CAEBRE_07045,CAL2034290.1,OZ038407.1:15066744-15068886(+)
PF02373 JmjC - JmjC гистон-деметилазы (KDM),Histone demethylation (erase),CAEBRE_08058,CAL2035303.1,OZ038408.1:1034734-1037594(-)
PF02373 JmjC - JmjC гистон-деметилазы (KDM),Histone demethylation (erase),CAEBRE_08193,CAL2035438.1,OZ038408.1:1530744-1533703(-)
PF02373 JmjC - JmjC гистон-деметилазы (KDM),Histone demethylation (erase),CAEBRE_08195,CAL2035440.1,OZ038408.1:1543503-1556588(-)
PF02373 JmjC - JmjC гистон-деметилазы (KDM),Histone demethylation (erase),CAEBRE_08861,CAL2036102.1,OZ038408.1:5154968-5166200(+)
PF02373 JmjC - JmjC гистон-деметилазы (KDM),Histone demethylation (erase),CAEBRE_09168,CAL2036408.1,OZ038408.1:6691146-6692468(-)
PF02373 JmjC - JmjC гистон-деметилазы (KDM),Histone demethylation (erase),CAEBRE_10247,CAL2037485.1,OZ038408.1:10995856-10998416(+)
PF02373 JmjC - JmjC гистон-деметилазы (KDM),Histone demethylation (erase),CAEBRE_10385,CAL2037622.1,OZ038408.1:11632431-11633770(-)
PF02373 JmjC - JmjC гистон-деметилазы (KDM),Histone demethylation (erase),CAEBRE_12228,CAL2039447.1,OZ038409.1:6216617-6217386(+)
PF02373 JmjC - JmjC гистон-деметилазы (KDM),Histone demethylation (erase),CAEBRE_12667,CAL2039871.1,OZ038409.1:9573100-9576371(-)
PF02373 JmjC - JmjC гистон-деметилазы (KDM),Histone demethylation (erase),CAEBRE_13158,CAL2040362.1,OZ038409.1:11745006-11750540(+)
PF02373 JmjC - JmjC гистон-деметилазы (KDM),Histone demethylation (erase),CAEBRE_13713,CAL2040917.1,OZ038409.1:13923711-13926881(-)
PF02373 JmjC - JmjC гистон-деметилазы (KDM),Histone demethylation (erase),CAEBRE_13718,CAL2040922.1,OZ038409.1:13931172-13932655(-)
PF02373 JmjC - JmjC гистон-деметилазы (KDM),Histone demethylation (erase),CAEBRE_21017,CAL2048155.1,OZ038411.1:1685864-1697151(-)
PF02373 JmjC - JmjC гистон-деметилазы (KDM),Histone demethylation (erase),CAEBRE_21276,CAL2048405.1,OZ038411.1:3051779-3053546(-)
PF02373 JmjC - JmjC гистон-деметилазы (KDM),Histone demethylation (erase),CAEBRE_21562,CAL2048683.1,OZ038411.1:4604113-4604613(-)
PF02373 JmjC - JmjC гистон-деметилазы (KDM),Histone demethylation (erase),CAEBRE_22126,CAL2049245.1,OZ038411.1:7757609-7760029(-)
PF02373 JmjC - JmjC гистон-деметилазы (KDM),Histone demethylation (erase),CAEBRE_24165,CAL2051277.1,OZ038411.1:18905813-18915354(-)
PF02373 JmjC - JmjC гистон-деметилазы (KDM),Histone demethylation (erase),CAEBRE_24166,CAL2051278.1,OZ038411.1:18922841-18932155(-)
PF02373 JmjC - JmjC гистон-деметилазы (KDM),Histone demethylation (erase),CAEBRE_24604,CAL2051713.1,OZ038411.1:21318537-21326210(+)
PF02373 JmjC - JmjC гистон-деметилазы (KDM),Histone demethylation (erase),CAEBRE_24605,CAL2051714.1,OZ038411.1:21328361-21332292(+)
PF02373 JmjC - JmjC гистон-деметилазы (KDM),Histone demethylation (erase),CAEBRE_24606,CAL2051715.1,OZ038411.1:21335903-21342347(+)
PF02373 JmjC - JmjC гистон-деметилазы (KDM),Histone demethylation (erase),CAEBRE_24665,CAL2051773.1,OZ038411.1:21639640-21646033(-)
PF02373 JmjC - JmjC гистон-деметилазы (KDM),Histone demethylation (erase),CAEBRE_24668,CAL2051776.1,OZ038411.1:21665113-21665656(-)
PF02373 JmjC - JmjC гистон-деметилазы (KDM),Histone demethylation (erase),CAEBRE_24808,CAL2051914.1,OZ038411.1:22411073-22417019(-)
PF00125 Histone - Кор-гистоны / гистон-подобные H2A/B/H3/H4,Histone fold,CAEBRE_03238,CAL2030504.1,OZ038406.1:14421657-14425144(-)
PF00125 Histone - Кор-гистоны / гистон-подобные H2A/B/H3/H4,Histone fold,CAEBRE_03239,CAL2030505.1,OZ038406.1:14425427-14425798(+)
PF00125 Histone - Кор-гистоны / гистон-подобные H2A/B/H3/H4,Histone fold,CAEBRE_03241,CAL2030507.1,OZ038406.1:14427839-14428456(+)
PF00125 Histone - Кор-гистоны / гистон-подобные H2A/B/H3/H4,Histone fold,CAEBRE_03271,CAL2030537.1,OZ038406.1:14511280-14511883(-)
PF00125 Histone - Кор-гистоны / гистон-подобные H2A/B/H3/H4,Histone fold,CAEBRE_05318,CAL2032571.1,OZ038407.1:7935707-7938378(+)
PF00125 Histone - Кор-гистоны / гистон-подобные H2A/B/H3/H4,Histone fold,CAEBRE_06496,CAL2033747.1,OZ038407.1:12873438-12874646(+)
PF00125 Histone - Кор-гистоны / гистон-подобные H2A/B/H3/H4,Histone fold,CAEBRE_07695,CAL2034940.1,OZ038407.1:17393190-17394355(+)
PF00125 Histone - Кор-гистоны / гистон-подобные H2A/B/H3/H4,Histone fold,CAEBRE_07766,CAL2035011.1,OZ038407.1:17654625-17658321(-)
PF00125 Histone - Кор-гистоны / гистон-подобные H2A/B/H3/H4,Histone fold,CAEBRE_08367,CAL2035612.1,OZ038408.1:2364301-2365004(+)
PF00125 Histone - Кор-гистоны / гистон-подобные H2A/B/H3/H4,Histone fold,CAEBRE_08405,CAL2035650.1,OZ038408.1:2637611-2638615(-)
PF00125 Histone - Кор-гистоны / гистон-подобные H2A/B/H3/H4,Histone fold,CAEBRE_08428,CAL2035673.1,OZ038408.1:2762045-2762572(+)
PF00125 Histone - Кор-гистоны / гистон-подобные H2A/B/H3/H4,Histone fold,CAEBRE_09607,CAL2036846.1,OZ038408.1:8534670-8535830(+)
PF00125 Histone - Кор-гистоны / гистон-подобные H2A/B/H3/H4,Histone fold,CAEBRE_10425,CAL2037662.1,OZ038408.1:11833487-11834264(-)
PF00125 Histone - Кор-гистоны / гистон-подобные H2A/B/H3/H4,Histone fold,CAEBRE_10621,CAL2037858.1,OZ038408.1:12742970-12743699(-)
PF00125 Histone - Кор-гистоны / гистон-подобные H2A/B/H3/H4,Histone fold,CAEBRE_10718,CAL2037955.1,OZ038408.1:13242256-13242918(+)
PF00125 Histone - Кор-гистоны / гистон-подобные H2A/B/H3/H4,Histone fold,CAEBRE_12935,CAL2040139.1,OZ038409.1:10891879-10892536(-)
PF00125 Histone - Кор-гистоны / гистон-подобные H2A/B/H3/H4,Histone fold,CAEBRE_12936,CAL2040140.1,OZ038409.1:10892594-10893115(+)
PF00125 Histone - Кор-гистоны / гистон-подобные H2A/B/H3/H4,Histone fold,CAEBRE_12939,CAL2040143.1,OZ038409.1:10895392-10896616(+)
PF00125 Histone - Кор-гистоны / гистон-подобные H2A/B/H3/H4,Histone fold,CAEBRE_13065,CAL2040269.1,OZ038409.1:11374887-11378396(-)
PF00125 Histone - Кор-гистоны / гистон-подобные H2A/B/H3/H4,Histone fold,CAEBRE_13068,CAL2040272.1,OZ038409.1:11380670-11381191(-)
PF00125 Histone - Кор-гистоны / гистон-подобные H2A/B/H3/H4,Histone fold,CAEBRE_13069,CAL2040273.1,OZ038409.1:11381249-11381906(+)
PF00125 Histone - Кор-гистоны / гистон-подобные H2A/B/H3/H4,Histone fold,CAEBRE_13093,CAL2040297.1,OZ038409.1:11502645-11503471(-)
PF00125 Histone - Кор-гистоны / гистон-подобные H2A/B/H3/H4,Histone fold,CAEBRE_13094,CAL2040298.1,OZ038409.1:11503703-11505008(+)
PF00125 Histone - Кор-гистоны / гистон-подобные H2A/B/H3/H4,Histone fold,CAEBRE_13098,CAL2040302.1,OZ038409.1:11508993-11509584(+)
PF00125 Histone - Кор-гистоны / гистон-подобные H2A/B/H3/H4,Histone fold,CAEBRE_13746,CAL2040950.1,OZ038409.1:14051128-14051946(+)
PF00125 Histone - Кор-гистоны / гистон-подобные H2A/B/H3/H4,Histone fold,CAEBRE_15355,CAL2042526.1,OZ038410.1:663787-664224(-)
PF00125 Histone - Кор-гистоны / гистон-подобные H2A/B/H3/H4,Histone fold,CAEBRE_15356,CAL2042527.1,OZ038410.1:664394-664910(+)
PF00125 Histone - Кор-гистоны / гистон-подобные H2A/B/H3/H4,Histone fold,CAEBRE_15358,CAL2042529.1,OZ038410.1:666697-668132(+)
PF00125 Histone - Кор-гистоны / гистон-подобные H2A/B/H3/H4,Histone fold,CAEBRE_15359,CAL2042530.1,OZ038410.1:668679-669389(-)
PF00125 Histone - Кор-гистоны / гистон-подобные H2A/B/H3/H4,Histone fold,CAEBRE_15360,CAL2042531.1,OZ038410.1:669691-670159(+)
PF00125 Histone - Кор-гистоны / гистон-подобные H2A/B/H3/H4,Histone fold,CAEBRE_15361,CAL2042532.1,OZ038410.1:671193-671695(-)
PF00125 Histone - Кор-гистоны / гистон-подобные H2A/B/H3/H4,Histone fold,CAEBRE_15363,CAL2042534.1,OZ038410.1:672923-673438(-)
PF00125 Histone - Кор-гистоны / гистон-подобные H2A/B/H3/H4,Histone fold,CAEBRE_15364,CAL2042535.1,OZ038410.1:673607-673975(+)
PF00125 Histone - Кор-гистоны / гистон-подобные H2A/B/H3/H4,Histone fold,CAEBRE_15365,CAL2042536.1,OZ038410.1:674520-675001(-)
PF00125 Histone - Кор-гистоны / гистон-подобные H2A/B/H3/H4,Histone fold,CAEBRE_15608,CAL2042779.1,OZ038410.1:1479790-1480892(-)
PF00125 Histone - Кор-гистоны / гистон-подобные H2A/B/H3/H4,Histone fold,CAEBRE_17487,CAL2044653.1,OZ038410.1:8060963-8061331(-)
PF00125 Histone - Кор-гистоны / гистон-подобные H2A/B/H3/H4,Histone fold,CAEBRE_17488,CAL2044654.1,OZ038410.1:8061634-8062806(+)
PF00125 Histone - Кор-гистоны / гистон-подобные H2A/B/H3/H4,Histone fold,CAEBRE_17490,CAL2044656.1,OZ038410.1:8063434-8064286(+)
PF00125 Histone - Кор-гистоны / гистон-подобные H2A/B/H3/H4,Histone fold,CAEBRE_17491,CAL2044657.1,OZ038410.1:8064911-8065348(-)
PF00125 Histone - Кор-гистоны / гистон-подобные H2A/B/H3/H4,Histone fold,CAEBRE_17492,CAL2044658.1,OZ038410.1:8065499-8066035(+)
PF00125 Histone - Кор-гистоны / гистон-подобные H2A/B/H3/H4,Histone fold,CAEBRE_17493,CAL2044659.1,OZ038410.1:8067147-8068333(-)
PF00125 Histone - Кор-гистоны / гистон-подобные H2A/B/H3/H4,Histone fold,CAEBRE_17494,CAL2044660.1,OZ038410.1:8068639-8069022(+)
PF00125 Histone - Кор-гистоны / гистон-подобные H2A/B/H3/H4,Histone fold,CAEBRE_17496,CAL2044662.1,OZ038410.1:8070836-8071480(+)
PF00125 Histone - Кор-гистоны / гистон-подобные H2A/B/H3/H4,Histone fold,CAEBRE_17497,CAL2044663.1,OZ038410.1:8072171-8072789(-)
PF00125 Histone - Кор-гистоны / гистон-подобные H2A/B/H3/H4,Histone fold,CAEBRE_17498,CAL2044664.1,OZ038410.1:8072852-8073290(+)
PF00125 Histone - Кор-гистоны / гистон-подобные H2A/B/H3/H4,Histone fold,CAEBRE_17499,CAL2044665.1,OZ038410.1:8073614-8074030(-)
PF00125 Histone - Кор-гистоны / гистон-подобные H2A/B/H3/H4,Histone fold,CAEBRE_17501,CAL2044667.1,OZ038410.1:8075158-8075695(-)
PF00125 Histone - Кор-гистоны / гистон-подобные H2A/B/H3/H4,Histone fold,CAEBRE_17502,CAL2044668.1,OZ038410.1:8075844-8076649(+)
PF00125 Histone - Кор-гистоны / гистон-подобные H2A/B/H3/H4,Histone fold,CAEBRE_18502,CAL2045666.1,OZ038410.1:12072550-12073089(+)
PF00125 Histone - Кор-гистоны / гистон-подобные H2A/B/H3/H4,Histone fold,CAEBRE_18581,CAL2045745.1,OZ038410.1:12450540-12451233(-)
PF00125 Histone - Кор-гистоны / гистон-подобные H2A/B/H3/H4,Histone fold,CAEBRE_18582,CAL2045746.1,OZ038410.1:12451348-12452046(+)
PF00125 Histone - Кор-гистоны / гистон-подобные H2A/B/H3/H4,Histone fold,CAEBRE_21473,CAL2048597.1,OZ038411.1:4167969-4169827(+)
PF00125 Histone - Кор-гистоны / гистон-подобные H2A/B/H3/H4,Histone fold,CAEBRE_21502,CAL2048626.1,OZ038411.1:4315935-4316569(+)
PF00125 Histone - Кор-гистоны / гистон-подобные H2A/B/H3/H4,Histone fold,CAEBRE_23545,CAL2050660.1,OZ038411.1:15449990-15450692(-)
PF00125 Histone - Кор-гистоны / гистон-подобные H2A/B/H3/H4,Histone fold,CAEBRE_23744,CAL2050857.1,OZ038411.1:16679788-16680180(-)
PF00125 Histone - Кор-гистоны / гистон-подобные H2A/B/H3/H4,Histone fold,CAEBRE_23975,CAL2051087.1,OZ038411.1:17914758-17915313(-)
PF00125 Histone - Кор-гистоны / гистон-подобные H2A/B/H3/H4,Histone fold,CAEBRE_24094,CAL2051206.1,OZ038411.1:18469644-18470024(+)
PF00125 Histone - Кор-гистоны / гистон-подобные H2A/B/H3/H4,Histone fold,CAEBRE_25310,CAL2052406.1,OZ038411.1:25253968-25256734(+)
PF00125 Histone - Кор-гистоны / гистон-подобные H2A/B/H3/H4,Histone fold,CAEBRE_25369,CAL2052465.1,OZ038411.1:25528007-25528345(-)
PF00125 Histone - Кор-гистоны / гистон-подобные H2A/B/H3/H4,Histone fold,CAEBRE_25372,CAL2052468.1,OZ038411.1:25536316-25537726(+)
PF00125 Histone - Кор-гистоны / гистон-подобные H2A/B/H3/H4,Histone fold,CAEBRE_25373,CAL2052469.1,OZ038411.1:25537776-25538302(-)
PF00125 Histone - Кор-гистоны / гистон-подобные H2A/B/H3/H4,Histone fold,CAEBRE_25374,CAL2052470.1,OZ038411.1:25540957-25542837(+)
PF00125 Histone - Кор-гистоны / гистон-подобные H2A/B/H3/H4,Histone fold,CAEBRE_25375,CAL2052471.1,OZ038411.1:25543363-25543978(-)
PF00125 Histone - Кор-гистоны / гистон-подобные H2A/B/H3/H4,Histone fold,CAEBRE_25377,CAL2052473.1,OZ038411.1:25552037-25552453(-)
PF00125 Histone - Кор-гистоны / гистон-подобные H2A/B/H3/H4,Histone fold,CAEBRE_25446,CAL2052542.1,OZ038411.1:25989428-25989835(-)
PF00385 Chromo - Хромодомен - чтение метил-лизина (HP1),Histone methyl (read),CAEBRE_02096,CAL2029364.1,OZ038406.1:8536658-8538797(-)
PF00385 Chromo - Хромодомен - чтение метил-лизина (HP1),Histone methyl (read),CAEBRE_02672,CAL2029940.1,OZ038406.1:10833516-10844477(+)
PF00385 Chromo - Хромодомен - чтение метил-лизина (HP1),Histone methyl (read),CAEBRE_03168,CAL2030434.1,OZ038406.1:13979186-13988172(-)
PF00385 Chromo - Хромодомен - чтение метил-лизина (HP1),Histone methyl (read),CAEBRE_05089,CAL2032342.1,OZ038407.1:7016633-7019492(-)
PF00385 Chromo - Хромодомен - чтение метил-лизина (HP1),Histone methyl (read),CAEBRE_05494,CAL2032747.1,OZ038407.1:8656701-8658413(-)
PF00385 Chromo - Хромодомен - чтение метил-лизина (HP1),Histone methyl (read),CAEBRE_08406,CAL2035651.1,OZ038408.1:2638954-2639374(+)
PF00385 Chromo - Хромодомен - чтение метил-лизина (HP1),Histone methyl (read),CAEBRE_08407,CAL2035652.1,OZ038408.1:2641788-2642638(+)
PF00385 Chromo - Хромодомен - чтение метил-лизина (HP1),Histone methyl (read),CAEBRE_08577,CAL2035821.1,OZ038408.1:3435288-3437536(+)
PF00385 Chromo - Хромодомен - чтение метил-лизина (HP1),Histone methyl (read),CAEBRE_08786,CAL2036028.1,OZ038408.1:4677870-4683944(+)
PF00385 Chromo - Хромодомен - чтение метил-лизина (HP1),Histone methyl (read),CAEBRE_08787,CAL2036029.1,OZ038408.1:4684089-4691730(+)
PF00385 Chromo - Хромодомен - чтение метил-лизина (HP1),Histone methyl (read),CAEBRE_09253,CAL2036493.1,OZ038408.1:7050042-7051800(-)
PF00385 Chromo - Хромодомен - чтение метил-лизина (HP1),Histone methyl (read),CAEBRE_10322,CAL2037560.1,OZ038408.1:11331927-11334415(+)
PF00385 Chromo - Хромодомен - чтение метил-лизина (HP1),Histone methyl (read),CAEBRE_10849,CAL2038086.1,OZ038408.1:13928621-13930586(-)
PF00385 Chromo - Хромодомен - чтение метил-лизина (HP1),Histone methyl (read),CAEBRE_10850,CAL2038087.1,OZ038408.1:13930761-13932333(-)
PF00385 Chromo - Хромодомен - чтение метил-лизина (HP1),Histone methyl (read),CAEBRE_10861,CAL2038098.1,OZ038408.1:13964107-13965355(+)
PF00385 Chromo - Хромодомен - чтение метил-лизина (HP1),Histone methyl (read),CAEBRE_12706,CAL2039910.1,OZ038409.1:9840757-9844240(+)
PF00385 Chromo - Хромодомен - чтение метил-лизина (HP1),Histone methyl (read),CAEBRE_13124,CAL2040328.1,OZ038409.1:11584618-11585788(+)
PF00385 Chromo - Хромодомен - чтение метил-лизина (HP1),Histone methyl (read),CAEBRE_13125,CAL2040329.1,OZ038409.1:11588015-11589536(-)
PF00385 Chromo - Хромодомен - чтение метил-лизина (HP1),Histone methyl (read),CAEBRE_14605,CAL2041783.1,OZ038409.1:20749741-20751678(+)
PF00385 Chromo - Хромодомен - чтение метил-лизина (HP1),Histone methyl (read),CAEBRE_15605,CAL2042776.1,OZ038410.1:1472467-1473622(-)
PF00385 Chromo - Хромодомен - чтение метил-лизина (HP1),Histone methyl (read),CAEBRE_15607,CAL2042778.1,OZ038410.1:1475235-1478157(-)
PF00385 Chromo - Хромодомен - чтение метил-лизина (HP1),Histone methyl (read),CAEBRE_15885,CAL2043056.1,OZ038410.1:2482955-2483836(-)
PF00385 Chromo - Хромодомен - чтение метил-лизина (HP1),Histone methyl (read),CAEBRE_18179,CAL2045343.1,OZ038410.1:10739581-10745633(+)
PF00385 Chromo - Хромодомен - чтение метил-лизина (HP1),Histone methyl (read),CAEBRE_19849,CAL2047005.1,OZ038410.1:17418257-17420061(+)
PF00385 Chromo - Хромодомен - чтение метил-лизина (HP1),Histone methyl (read),CAEBRE_20875,CAL2048020.1,OZ038411.1:821224-821503(+)
PF00385 Chromo - Хромодомен - чтение метил-лизина (HP1),Histone methyl (read),CAEBRE_21272,CAL2048401.1,OZ038411.1:3028288-3028950(-)
PF00385 Chromo - Хромодомен - чтение метил-лизина (HP1),Histone methyl (read),CAEBRE_21764,CAL2048885.1,OZ038411.1:5658397-5658911(+)
PF00385 Chromo - Хромодомен - чтение метил-лизина (HP1),Histone methyl (read),CAEBRE_22827,CAL2049943.1,OZ038411.1:11562105-11566337(-)
PF00385 Chromo - Хромодомен - чтение метил-лизина (HP1),Histone methyl (read),CAEBRE_23139,CAL2050255.1,OZ038411.1:13293088-13296522(+)
PF00385 Chromo - Хромодомен - чтение метил-лизина (HP1),Histone methyl (read),CAEBRE_24281,CAL2051393.1,OZ038411.1:19465368-19466639(-)
PF00385 Chromo - Хромодомен - чтение метил-лизина (HP1),Histone methyl (read),CAEBRE_24282,CAL2051394.1,OZ038411.1:19467293-19468235(-)
PF00385 Chromo - Хромодомен - чтение метил-лизина (HP1),Histone methyl (read),CAEBRE_24699,CAL2051805.1,OZ038411.1:21875932-21878188(+)
PF00385 Chromo - Хромодомен - чтение метил-лизина (HP1),Histone methyl (read),CAEBRE_24770,CAL2051876.1,OZ038411.1:22260017-22264067(+)
PF00385 Chromo - Хромодомен - чтение метил-лизина (HP1),Histone methyl (read),CAEBRE_24771,CAL2051877.1,OZ038411.1:22264562-22265646(+)
PF00385 Chromo - Хромодомен - чтение метил-лизина (HP1),Histone methyl (read),CAEBRE_25076,CAL2052177.1,OZ038411.1:24054823-24056952(+)
PF00385 Chromo - Хромодомен - чтение метил-лизина (HP1),Histone methyl (read),CAEBRE_25314,CAL2052410.1,OZ038411.1:25266379-25268084(-)
PF00385 Chromo - Хромодомен - чтение метил-лизина (HP1),Histone methyl (read),CAEBRE_25522,CAL2052614.1,OZ038411.1:26562520-26563433(+)
PF00856 SET - SET гистон-метилтрансферазы (EZH2/SETD),Histone methylation (write),CAEBRE_00071,CAL2027341.1,OZ038406.1:232607-234780(+)
PF00856 SET - SET гистон-метилтрансферазы (EZH2/SETD),Histone methylation (write),CAEBRE_01274,CAL2028542.1,OZ038406.1:5176343-5179406(+)
PF00856 SET - SET гистон-метилтрансферазы (EZH2/SETD),Histone methylation (write),CAEBRE_01276,CAL2028544.1,OZ038406.1:5186413-5189569(+)
PF00856 SET - SET гистон-метилтрансферазы (EZH2/SETD),Histone methylation (write),CAEBRE_02096,CAL2029364.1,OZ038406.1:8536658-8538797(-)
PF00856 SET - SET гистон-метилтрансферазы (EZH2/SETD),Histone methylation (write),CAEBRE_02146,CAL2029414.1,OZ038406.1:8736034-8746087(-)
PF00856 SET - SET гистон-метилтрансферазы (EZH2/SETD),Histone methylation (write),CAEBRE_02585,CAL2029853.1,OZ038406.1:10531559-10535139(+)
PF00856 SET - SET гистон-метилтрансферазы (EZH2/SETD),Histone methylation (write),CAEBRE_02658,CAL2029926.1,OZ038406.1:10788372-10789831(-)
PF00856 SET - SET гистон-метилтрансферазы (EZH2/SETD),Histone methylation (write),CAEBRE_03337,CAL2030603.1,OZ038406.1:14837676-14844343(-)
PF00856 SET - SET гистон-метилтрансферазы (EZH2/SETD),Histone methylation (write),CAEBRE_03403,CAL2030669.1,OZ038406.1:15198601-15201134(-)
PF00856 SET - SET гистон-метилтрансферазы (EZH2/SETD),Histone methylation (write),CAEBRE_03620,CAL2030885.1,OZ038407.1:96523-100075(-)
PF00856 SET - SET гистон-метилтрансферазы (EZH2/SETD),Histone methylation (write),CAEBRE_04837,CAL2032091.1,OZ038407.1:5972108-5973549(-)
PF00856 SET - SET гистон-метилтрансферазы (EZH2/SETD),Histone methylation (write),CAEBRE_05140,CAL2032393.1,OZ038407.1:7234764-7236331(-)
PF00856 SET - SET гистон-метилтрансферазы (EZH2/SETD),Histone methylation (write),CAEBRE_05555,CAL2032808.1,OZ038407.1:8943251-8945006(+)
PF00856 SET - SET гистон-метилтрансферазы (EZH2/SETD),Histone methylation (write),CAEBRE_06788,CAL2034035.1,OZ038407.1:14019732-14021328(-)
PF00856 SET - SET гистон-метилтрансферазы (EZH2/SETD),Histone methylation (write),CAEBRE_07361,CAL2034606.1,OZ038407.1:16441764-16443643(-)
PF00856 SET - SET гистон-метилтрансферазы (EZH2/SETD),Histone methylation (write),CAEBRE_07363,CAL2034608.1,OZ038407.1:16447417-16449470(+)
PF00856 SET - SET гистон-метилтрансферазы (EZH2/SETD),Histone methylation (write),CAEBRE_07364,CAL2034609.1,OZ038407.1:16450930-16453276(+)
PF00856 SET - SET гистон-метилтрансферазы (EZH2/SETD),Histone methylation (write),CAEBRE_07365,CAL2034610.1,OZ038407.1:16453568-16457849(-)
PF00856 SET - SET гистон-метилтрансферазы (EZH2/SETD),Histone methylation (write),CAEBRE_08786,CAL2036028.1,OZ038408.1:4677870-4683944(+)
PF00856 SET - SET гистон-метилтрансферазы (EZH2/SETD),Histone methylation (write),CAEBRE_08787,CAL2036029.1,OZ038408.1:4684089-4691730(+)
PF00856 SET - SET гистон-метилтрансферазы (EZH2/SETD),Histone methylation (write),CAEBRE_08860,CAL2036101.1,OZ038408.1:5148548-5151348(-)
PF00856 SET - SET гистон-метилтрансферазы (EZH2/SETD),Histone methylation (write),CAEBRE_08913,CAL2036153.1,OZ038408.1:5508618-5516598(-)
PF00856 SET - SET гистон-метилтрансферазы (EZH2/SETD),Histone methylation (write),CAEBRE_08919,CAL2036159.1,OZ038408.1:5538997-5542489(-)
PF00856 SET - SET гистон-метилтрансферазы (EZH2/SETD),Histone methylation (write),CAEBRE_08963,CAL2036203.1,OZ038408.1:5797575-5801490(-)
PF00856 SET - SET гистон-метилтрансферазы (EZH2/SETD),Histone methylation (write),CAEBRE_09320,CAL2036560.1,OZ038408.1:7311622-7322102(+)
PF00856 SET - SET гистон-метилтрансферазы (EZH2/SETD),Histone methylation (write),CAEBRE_09618,CAL2036857.1,OZ038408.1:8574377-8576639(-)
PF00856 SET - SET гистон-метилтрансферазы (EZH2/SETD),Histone methylation (write),CAEBRE_10112,CAL2037350.1,OZ038408.1:10473931-10480743(+)
PF00856 SET - SET гистон-метилтрансферазы (EZH2/SETD),Histone methylation (write),CAEBRE_10307,CAL2037545.1,OZ038408.1:11262885-11267396(+)
PF00856 SET - SET гистон-метилтрансферазы (EZH2/SETD),Histone methylation (write),CAEBRE_10517,CAL2037754.1,OZ038408.1:12257906-12261500(+)
PF00856 SET - SET гистон-метилтрансферазы (EZH2/SETD),Histone methylation (write),CAEBRE_10524,CAL2037761.1,OZ038408.1:12286085-12290504(+)
PF00856 SET - SET гистон-метилтрансферазы (EZH2/SETD),Histone methylation (write),CAEBRE_11494,CAL2038729.1,OZ038409.1:469152-476945(-)
PF00856 SET - SET гистон-метилтрансферазы (EZH2/SETD),Histone methylation (write),CAEBRE_11496,CAL2038731.1,OZ038409.1:479008-482390(-)
PF00856 SET - SET гистон-метилтрансферазы (EZH2/SETD),Histone methylation (write),CAEBRE_11597,CAL2038832.1,OZ038409.1:1035371-1037884(+)
PF00856 SET - SET гистон-метилтрансферазы (EZH2/SETD),Histone methylation (write),CAEBRE_11599,CAL2038834.1,OZ038409.1:1041421-1043689(-)
PF00856 SET - SET гистон-метилтрансферазы (EZH2/SETD),Histone methylation (write),CAEBRE_11668,CAL2038902.1,OZ038409.1:1331591-1332651(-)
PF00856 SET - SET гистон-метилтрансферазы (EZH2/SETD),Histone methylation (write),CAEBRE_11674,CAL2038908.1,OZ038409.1:1344779-1345887(-)
PF00856 SET - SET гистон-метилтрансферазы (EZH2/SETD),Histone methylation (write),CAEBRE_12050,CAL2039274.1,OZ038409.1:4319026-4323498(+)
PF00856 SET - SET гистон-метилтрансферазы (EZH2/SETD),Histone methylation (write),CAEBRE_12055,CAL2039279.1,OZ038409.1:4376392-4378530(+)
PF00856 SET - SET гистон-метилтрансферазы (EZH2/SETD),Histone methylation (write),CAEBRE_12056,CAL2039280.1,OZ038409.1:4391270-4392479(+)
PF00856 SET - SET гистон-метилтрансферазы (EZH2/SETD),Histone methylation (write),CAEBRE_12059,CAL2039283.1,OZ038409.1:4465999-4468097(+)
PF00856 SET - SET гистон-метилтрансферазы (EZH2/SETD),Histone methylation (write),CAEBRE_12060,CAL2039284.1,OZ038409.1:4483174-4485194(+)
PF00856 SET - SET гистон-метилтрансферазы (EZH2/SETD),Histone methylation (write),CAEBRE_12062,CAL2039286.1,OZ038409.1:4519539-4551026(+)
PF00856 SET - SET гистон-метилтрансферазы (EZH2/SETD),Histone methylation (write),CAEBRE_12064,CAL2039288.1,OZ038409.1:4544847-4547185(+)
PF00856 SET - SET гистон-метилтрансферазы (EZH2/SETD),Histone methylation (write),CAEBRE_12066,CAL2039290.1,OZ038409.1:4580204-4644181(+)
PF00856 SET - SET гистон-метилтрансферазы (EZH2/SETD),Histone methylation (write),CAEBRE_12074,CAL2039298.1,OZ038409.1:4708273-4710467(+)
PF00856 SET - SET гистон-метилтрансферазы (EZH2/SETD),Histone methylation (write),CAEBRE_12086,CAL2039310.1,OZ038409.1:4813361-4813779(+)
PF00856 SET - SET гистон-метилтрансферазы (EZH2/SETD),Histone methylation (write),CAEBRE_12188,CAL2039407.1,OZ038409.1:6021551-6022585(-)
PF00856 SET - SET гистон-метилтрансферазы (EZH2/SETD),Histone methylation (write),CAEBRE_12190,CAL2039409.1,OZ038409.1:6030477-6031421(-)
PF00856 SET - SET гистон-метилтрансферазы (EZH2/SETD),Histone methylation (write),CAEBRE_13698,CAL2040902.1,OZ038409.1:13867593-13870606(+)
PF00856 SET - SET гистон-метилтрансферазы (EZH2/SETD),Histone methylation (write),CAEBRE_14046,CAL2041248.1,OZ038409.1:15382731-15383847(+)
PF00856 SET - SET гистон-метилтрансферазы (EZH2/SETD),Histone methylation (write),CAEBRE_14991,CAL2042162.1,OZ038409.1:23812276-23813137(+)
PF00856 SET - SET гистон-метилтрансферазы (EZH2/SETD),Histone methylation (write),CAEBRE_17940,CAL2045104.1,OZ038410.1:9830607-9834635(-)
PF00856 SET - SET гистон-метилтрансферазы (EZH2/SETD),Histone methylation (write),CAEBRE_18961,CAL2046124.1,OZ038410.1:13835845-13837971(+)
PF00856 SET - SET гистон-метилтрансферазы (EZH2/SETD),Histone methylation (write),CAEBRE_20237,CAL2047390.1,OZ038410.1:18956503-18956745(-)
PF00856 SET - SET гистон-метилтрансферазы (EZH2/SETD),Histone methylation (write),CAEBRE_20850,CAL2047998.1,OZ038411.1:590955-592075(-)
PF00856 SET - SET гистон-метилтрансферазы (EZH2/SETD),Histone methylation (write),CAEBRE_21415,CAL2048541.1,OZ038411.1:3836685-3838982(-)
PF00856 SET - SET гистон-метилтрансферазы (EZH2/SETD),Histone methylation (write),CAEBRE_21441,CAL2048567.1,OZ038411.1:3946254-3947164(-)
PF00856 SET - SET гистон-метилтрансферазы (EZH2/SETD),Histone methylation (write),CAEBRE_21451,CAL2048577.1,OZ038411.1:4007996-4010056(-)
PF00856 SET - SET гистон-метилтрансферазы (EZH2/SETD),Histone methylation (write),CAEBRE_21463,CAL2048589.1,OZ038411.1:4128175-4133168(+)
PF00856 SET - SET гистон-метилтрансферазы (EZH2/SETD),Histone methylation (write),CAEBRE_21487,CAL2048611.1,OZ038411.1:4221819-4226223(-)
PF00856 SET - SET гистон-метилтрансферазы (EZH2/SETD),Histone methylation (write),CAEBRE_21500,CAL2048624.1,OZ038411.1:4291668-4293713(+)
PF00856 SET - SET гистон-метилтрансферазы (EZH2/SETD),Histone methylation (write),CAEBRE_21619,CAL2048740.1,OZ038411.1:4854513-4859674(-)
PF00856 SET - SET гистон-метилтрансферазы (EZH2/SETD),Histone methylation (write),CAEBRE_21620,CAL2048741.1,OZ038411.1:4865719-4875788(-)
PF00856 SET - SET гистон-метилтрансферазы (EZH2/SETD),Histone methylation (write),CAEBRE_21657,CAL2048778.1,OZ038411.1:5028878-5033178(-)
PF00856 SET - SET гистон-метилтрансферазы (EZH2/SETD),Histone methylation (write),CAEBRE_21659,CAL2048780.1,OZ038411.1:5041409-5042861(+)
PF00856 SET - SET гистон-метилтрансферазы (EZH2/SETD),Histone methylation (write),CAEBRE_21694,CAL2048815.1,OZ038411.1:5277315-5279335(-)
PF00856 SET - SET гистон-метилтрансферазы (EZH2/SETD),Histone methylation (write),CAEBRE_21702,CAL2048823.1,OZ038411.1:5307190-5307429(-)
PF00856 SET - SET гистон-метилтрансферазы (EZH2/SETD),Histone methylation (write),CAEBRE_21742,CAL2048863.1,OZ038411.1:5491584-5496867(-)
PF00856 SET - SET гистон-метилтрансферазы (EZH2/SETD),Histone methylation (write),CAEBRE_21743,CAL2048864.1,OZ038411.1:5499041-5503396(-)
PF00856 SET - SET гистон-метилтрансферазы (EZH2/SETD),Histone methylation (write),CAEBRE_21784,CAL2048904.1,OZ038411.1:5774745-5776786(+)
PF00856 SET - SET гистон-метилтрансферазы (EZH2/SETD),Histone methylation (write),CAEBRE_21789,CAL2048909.1,OZ038411.1:5807866-5809686(-)
PF00856 SET - SET гистон-метилтрансферазы (EZH2/SETD),Histone methylation (write),CAEBRE_22603,CAL2049719.1,OZ038411.1:10326024-10326823(-)
PF00856 SET - SET гистон-метилтрансферазы (EZH2/SETD),Histone methylation (write),CAEBRE_22605,CAL2049721.1,OZ038411.1:10341865-10344346(-)
PF00856 SET - SET гистон-метилтрансферазы (EZH2/SETD),Histone methylation (write),CAEBRE_22824,CAL2049940.1,OZ038411.1:11551891-11555627(+)
PF00856 SET - SET гистон-метилтрансферазы (EZH2/SETD),Histone methylation (write),CAEBRE_22867,CAL2049983.1,OZ038411.1:11821660-11824724(+)
PF00856 SET - SET гистон-метилтрансферазы (EZH2/SETD),Histone methylation (write),CAEBRE_23029,CAL2050145.1,OZ038411.1:12666671-12669933(-)
PF00856 SET - SET гистон-метилтрансферазы (EZH2/SETD),Histone methylation (write),CAEBRE_23030,CAL2050146.1,OZ038411.1:12670246-12673715(-)
PF00856 SET - SET гистон-метилтрансферазы (EZH2/SETD),Histone methylation (write),CAEBRE_23031,CAL2050147.1,OZ038411.1:12674116-12677673(-)
PF00856 SET - SET гистон-метилтрансферазы (EZH2/SETD),Histone methylation (write),CAEBRE_23615,CAL2050729.1,OZ038411.1:15840688-15841099(-)
PF00856 SET - SET гистон-метилтрансферазы (EZH2/SETD),Histone methylation (write),CAEBRE_23782,CAL2050895.1,OZ038411.1:16866658-16868467(-)
PF00856 SET - SET гистон-метилтрансферазы (EZH2/SETD),Histone methylation (write),CAEBRE_23783,CAL2050896.1,OZ038411.1:16873469-16875539(+)
PF00856 SET - SET гистон-метилтрансферазы (EZH2/SETD),Histone methylation (write),CAEBRE_23877,CAL2050989.1,OZ038411.1:17403524-17408135(+)
PF00856 SET - SET гистон-метилтрансферазы (EZH2/SETD),Histone methylation (write),CAEBRE_23878,CAL2050990.1,OZ038411.1:17410885-17415705(+)
PF00856 SET - SET гистон-метилтрансферазы (EZH2/SETD),Histone methylation (write),CAEBRE_23970,CAL2051082.1,OZ038411.1:17880864-17888101(-)
PF00856 SET - SET гистон-метилтрансферазы (EZH2/SETD),Histone methylation (write),CAEBRE_23974,CAL2051086.1,OZ038411.1:17911077-17913236(+)
PF00856 SET - SET гистон-метилтрансферазы (EZH2/SETD),Histone methylation (write),CAEBRE_24903,CAL2052009.1,OZ038411.1:23119731-23120638(-)
PF00856 SET - SET гистон-метилтрансферазы (EZH2/SETD),Histone methylation (write),CAEBRE_25000,CAL2052101.1,OZ038411.1:23553858-23554688(-)
PF00856 SET - SET гистон-метилтрансферазы (EZH2/SETD),Histone methylation (write),CAEBRE_25001,CAL2052102.1,OZ038411.1:23558898-23559997(+)
PF00856 SET - SET гистон-метилтрансферазы (EZH2/SETD),Histone methylation (write),CAEBRE_25210,CAL2052309.1,OZ038411.1:24728904-24734858(-)
PF00856 SET - SET гистон-метилтрансферазы (EZH2/SETD),Histone methylation (write),CAEBRE_25617,CAL2052708.1,OZ038411.1:27293558-27296941(-)
